{"cameraMode":{"drawMode":0,"name":"Shaded","section":"Shading Mode"},"sceneLighting":true,"audioPlay":false,"sceneViewState":{"m_AlwaysRefresh":false,"showFog":true,"showSkybox":true,"showFlares":true,"showImageEffects":true,"showParticleSystems":true,"showVisualEffectGraphs":true,"m_FxEnabled":true},"in2DMode":false,"pivot":{"x":0.17788508534431458,"y":-5.236667156219482,"z":23.418806076049806},"rotation":{"x":0.29552704095840456,"y":0.000005616933322016848,"z":0.000019766050172620453,"w":0.9553630948066711},"size":14.010622024536133,"orthographic":false}