{"cameraMode":{"drawMode":0,"name":"Shaded","section":"Shading Mode"},"sceneLighting":false,"audioPlay":false,"sceneViewState":{"m_AlwaysRefresh":false,"showFog":true,"showSkybox":false,"showFlares":true,"showImageEffects":true,"showParticleSystems":true,"showVisualEffectGraphs":true,"m_FxEnabled":true},"in2DMode":false,"pivot":{"x":0.009999990463256836,"y":0.1664000153541565,"z":-1.0169999599456788},"rotation":{"x":0.5076538324356079,"y":-0.012661656364798546,"z":0.007477100472897291,"w":0.8614814281463623},"size":0.5450502038002014,"orthographic":false}