{"cameraMode":{"drawMode":0,"name":"Shaded","section":"Shading Mode"},"sceneLighting":false,"audioPlay":false,"sceneViewState":{"m_AlwaysRefresh":false,"showFog":true,"showSkybox":false,"showFlares":true,"showImageEffects":true,"showParticleSystems":true,"showVisualEffectGraphs":true,"m_FxEnabled":true},"in2DMode":false,"pivot":{"x":2.005000114440918,"y":0.1664000153541565,"z":-1.0169999599456788},"rotation":{"x":0.5534571409225464,"y":-0.055875182151794437,"z":0.03725171089172363,"w":0.8301885724067688},"size":0.5031822323799133,"orthographic":false}